Nombre,Precio,Enlace
No disponible,"244,75€",https://www.todomueblesdebano.com/conjunto-mueble-de-bano-royo-easy-2-cajones-suspendido-con-lavabo-de-ceramica-enzo.html
No disponible,"520,90€",https://www.todomueblesdebano.com/conjunto-mueble-de-bano-royo-easy-120-cm-4-cajones-suspendido-con-doble-lavabo-de-ceramica-enzo.html
No disponible,"449,15€",https://www.todomueblesdebano.com/conjunto-mueble-de-bano-royo-alfa-2-cajones.html
No disponible,"629,24€",https://www.todomueblesdebano.com/conjunto-mueble-de-bano-royo-alfa-2-cajones-1-puerta.html
No disponible,"917,06€",https://www.todomueblesdebano.com/conjunto-mueble-de-bano-royo-alfa-2-cajones-2-puertas-120-cm.html
No disponible,"951,65€",https://www.todomueblesdebano.com/conjunto-mueble-de-bano-royo-alfa-1-puerta-2-cajones-1-puerta-120-cm.html
No disponible,"236,11€",https://www.todomueblesdebano.com/conjunto-mueble-de-bano-royo-enjoy-fondo-reducido.html
No disponible,"254,27€",https://www.todomueblesdebano.com/conjunto-mueble-de-bano-royo-elegance-fondo-reducido.html
No disponible,"477,03€",https://www.todomueblesdebano.com/conjunto-mueble-de-bano-royo-vitale-con-patas-3-cajones.html
No disponible,"411,03€",https://www.todomueblesdebano.com/conjunto-mueble-de-bano-royo-vitale-fondo-reducido-2-cajones.html
No disponible,"477,03€",https://www.todomueblesdebano.com/conjunto-mueble-de-bano-royo-vitale-fondo-reducido-3-cajones.html
No disponible,"411,03€",https://www.todomueblesdebano.com/conjunto-mueble-de-bano-royo-vitale-suspendido-2-cajones.html
No disponible,"863,06€",https://www.todomueblesdebano.com/conjunto-mueble-de-bano-royo-vitale-lavabo-doble-poza-4-cajones-120-cm.html
No disponible,"1.059,07€",https://www.todomueblesdebano.com/conjunto-mueble-de-bano-royo-vitale-lavabo-doble-poza-6-cajones-120-cm.html
No disponible,"523,03€",https://www.todomueblesdebano.com/conjunto-mueble-de-bano-royo-urban-3-cajones.html
No disponible,"450,03€",https://www.todomueblesdebano.com/conjunto-mueble-de-bano-royo-urban-2-cajones.html
No disponible,"798,10€",https://www.todomueblesdebano.com/conjunto-mueble-de-bano-royo-urban-4-cajones-120-cm.html
No disponible,"1.138,07€",https://www.todomueblesdebano.com/conjunto-mueble-de-bano-royo-urban-6-cajones.html
No disponible,"329,02€",https://www.todomueblesdebano.com/conjunto-mueble-de-bano-royo-nisy-2-cajones.html
No disponible,"713,05€",https://www.todomueblesdebano.com/conjunto-mueble-de-bano-royo-nisy-120-cm.html
No disponible,"562,04€",https://www.todomueblesdebano.com/conjunto-mueble-de-bano-royo-wave-1-cajon.html
No disponible,"660,04€",https://www.todomueblesdebano.com/conjunto-mueble-de-bano-royo-wave-2-cajones.html
No disponible,"495,03€",https://www.todomueblesdebano.com/mueble-de-bano-royo-econic.html
No disponible,"495,03€",https://www.todomueblesdebano.com/conjunto-mueble-de-bano-royo-econic-2-cajones.html
No disponible,"546,04€",https://www.todomueblesdebano.com/conjunto-mueble-de-bano-royo-logika.html
No disponible,"504,03€",https://www.todomueblesdebano.com/conjunto-mueble-de-bano-royo-logika-encimera.html
No disponible,"389,03€",https://www.todomueblesdebano.com/conjunto-mueble-de-bano-royo-band-1-cajon-2-puertas.html
No disponible,"416,03€",https://www.todomueblesdebano.com/conjunto-mueble-de-bano-royo-band-2-cajones-y-1-puerta.html
No disponible,"799,71€",https://www.todomueblesdebano.com/conjunto-mueble-bano-royo-band-patas-4-puertas-2-cajones-120-cm.html
No disponible,"544,04€",https://www.todomueblesdebano.com/conjunto-mueble-de-bano-royo-mio.html
No disponible,"341,02€",https://www.todomueblesdebano.com/mueble-bano-royo-vida-2-cajones.html
No disponible,"417,98€",https://www.todomueblesdebano.com/conjunto-mueble-de-bano-royo-vida.html
No disponible,"298,52€",https://www.todomueblesdebano.com/mueble-bano-encimera-royo-vida.html
No disponible,"221,52€",https://www.todomueblesdebano.com/mueble-bano-royo-vida.html
No disponible,"432,03€",https://www.todomueblesdebano.com/mueble-bano-encimera-2-cajones-royo-vida.html
No disponible,"302,02€",https://www.todomueblesdebano.com/conjunto-mueble-de-bano-royo-sansa-suspendido-2-cajones.html
No disponible,"524,35€",https://www.todomueblesdebano.com/conjunto-mueble-de-bano-royo-sansa-1-suspendido-4-puertas-120-cm.html
No disponible,"770,05€",https://www.todomueblesdebano.com/conjunto-mueble-de-bano-royo-sansa-6-cajones-120-cm.html
No disponible,"365,02€",https://www.todomueblesdebano.com/conjunto-mueble-de-bano-royo-sansa-3-cajones.html
No disponible,"667,04€",https://www.todomueblesdebano.com/conjunto-mueble-de-bano-royo-sansa-4-cajones-suspendido-120-cm.html
No disponible,"518,36€",https://www.todomueblesdebano.com/conjunto-mueble-de-bano-royo-sansa-2-cajones-2-puertas-120-cm.html
No disponible,"225,01€",https://www.todomueblesdebano.com/conjunto-mueble-de-bano-royo-sansa-suspendido-2-puertas.html
No disponible,"461,03€",https://www.todomueblesdebano.com/conjunto-mueble-de-bano-royo-sansa-suspendido-2-cajones-1-puerta.html
No disponible,"343,02€",https://www.todomueblesdebano.com/conjunto-mueble-de-bano-royo-street-fondo-reducido-2-cajones.html
No disponible,"263,02€",https://www.todomueblesdebano.com/conjunto-mueble-de-bano-royo-street-fondo-reducido-2-puertas.html
No disponible,"436,93€",https://www.todomueblesdebano.com/conjunto-mueble-de-bano-royo-dai.html
No disponible,"390,03€",https://www.todomueblesdebano.com/mueble-de-bano-dai-top-arena-royo.html
No disponible,"390,03€",https://www.todomueblesdebano.com/mueble-de-bano-royo-dai-top-blanco.html
