Nombre,Subtitulo,Precio,Precio Antiguo,Colores,Ficha Tecnica,URL Montaje,URL Ficha Tecnica,Marca,Coleccion,Enlace Producto
Conjunto mueble de baño Royo Easy,2 cajones suspendido con lavabo de cerámica Enzo,"244,75€","370,83€","Lacado Blanco brillo, Nogal arenado, Wengue arenado, Lacado Antracita brillo","{'Ref C0071197': '', 'Marca': '', 'Serie': 'Easy', 'fondo': '45 cm', 'medida de alto': '56.5 cm', 'colocación': 'Suspendido', 'Nº de cajones': '2', 'Tipos de cajones': 'Guías Indaux extracción parcial con cierre amortiguado', 'Organizador de cajón': 'No incluido', 'Material del mueble': 'Tablero de partículas de madera', 'Medida del grosor del lateral del mueble': '16 mm', 'Medida del grosor del frente del mueble': '16 mm', 'tirador': 'Tirador metálico', 'Tipo de montaje': 'Montado (ensamblado de fábrica)', 'Medidas del lavabo': '1,5 cm mayor que el mueble (si el mueble mide 80x45 cm, el lavabo medirá 81,5x46,5 cm)', 'Material del lavabo': 'Cerámica', 'posición del seno': 'Lavabo de un seno centrado', 'Grosor del lavabo': '2 cm', 'fabricación': 'Estándar', 'garantía': '3 años'}",http://cdn.todomueblesdebano.com/raw/upload/v1748518391/products/ba248145-1cbc-40fa-b3f4-b89383304616/EASY_EsquemaMontaje_1748518390.7459955.pdf,http://cdn.todomueblesdebano.com/raw/upload/v1748518380/products/ba248145-1cbc-40fa-b3f4-b89383304616/T%C3%A9cnico_Easy_ES_1748518380.2705069.pdf,Royo Group,Colección Easy,https://www.todomueblesdebano.com/conjunto-mueble-de-bano-royo-easy-2-cajones-suspendido-con-lavabo-de-ceramica-enzo.html
Conjunto mueble de baño Royo Easy,"120 cm, 4 cajones suspendido con doble lavabo de cerámica Enzo","520,90€","789,24€","Lacado Blanco brillo, Nogal arenado, Wengue arenado, Lacado Antracita brillo","{'Ref C0071390': '', 'Marca': '', 'Serie': 'Easy', 'medida de ancho': '120 cm', 'fondo': '45 cm', 'medida de alto': '56.5 cm', 'colocación': 'Suspendido', 'Nº de cajones': '4', 'Tipos de cajones': 'Guías Indaux extracción parcial con cierre amortiguado', 'Organizador de cajón': 'No incluido', 'Material del mueble': 'Tablero de partículas de madera', 'Medida del grosor del lateral del mueble': '16 mm', 'Medida del grosor del frente del mueble': '16 mm', 'tirador': 'Tirador metálico', 'Tipo de montaje': 'Montado (ensamblado de fábrica)', 'Medidas del lavabo': '1,5 cm mayor que el mueble (si el mueble mide 80x45 cm, el lavabo medirá 81,5x46,5 cm)', 'Medidas de la poza': '', 'Material del lavabo': 'Cerámica', 'posición del seno': 'Lavabo de doble seno', 'Grosor del lavabo': '2 cm', 'fabricación': 'Estándar', 'garantía': '3 años'}",http://cdn.todomueblesdebano.com/raw/upload/v1748518302/products/8857b21c-5d35-4af4-a98f-2f7f6acd6d67/EASY_EsquemaMontaje_1748518301.0051382.pdf,http://cdn.todomueblesdebano.com/raw/upload/v1748518333/products/8857b21c-5d35-4af4-a98f-2f7f6acd6d67/T%C3%A9cnico_Easy_ES_1748518332.317015.pdf,Royo Group,Colección Easy,https://www.todomueblesdebano.com/conjunto-mueble-de-bano-royo-easy-120-cm-4-cajones-suspendido-con-doble-lavabo-de-ceramica-enzo.html
Conjunto mueble de baño Royo Alfa,2 cajones suspendido con lavabo Enzo de cerámica,"449,15€","561,44€","Roble nórdico, Fresno samara, Lacado Arena mate, Lacado Blanco brillo, Lacado Blanco mate, Azul ocean","{'Marca': '', 'Serie': 'Alfa', 'Tamaño de lavabo': 'Lavabo cerámico mide 1cm más que el mueble.', 'fondo': '46 cm', 'medida de alto': '56,5 cm', 'colocación': 'Suspendido', 'Nº de cajones': '2', 'Tipos de cajones': 'Guías Hettich extracción total con cierre amortiguado', 'Organizador de cajón': 'Incluido', 'Material del mueble': 'MDF', 'Medida del grosor del lateral del mueble': '16 mm', 'Medida del grosor del frente del mueble': '16 mm', 'tirador': 'Uñero', 'Tipo de montaje': 'Montado (ensamblado de fábrica)', 'Medidas del lavabo': '1,5 cm mayor que el mueble (si el mueble mide 80x45 cm, el lavabo medirá 81,5x46,5 cm)', 'Medidas de la poza': '12,5 cm de profundidad', 'Material del lavabo': 'Cerámica', 'posición del seno': 'Lavabo de un seno centrado', 'Grosor del lavabo': '2 cm', 'fabricación': 'Estándar', 'garantía': '3 años'}",http://cdn.todomueblesdebano.com/raw/upload/v1670583738/products/81b7dee2-a4c6-4310-809c-605e0a7c3bcd/ALFA_MODULAR_EsquemaMontaje_1670583738.0136259.pdf,http://cdn.todomueblesdebano.com/raw/upload/v1670583723/products/81b7dee2-a4c6-4310-809c-605e0a7c3bcd/ALFA_COMPACT_FichaTecnica_1670583722.0110471.pdf,Royo Group,Colección Alfa Compact,https://www.todomueblesdebano.com/conjunto-mueble-de-bano-royo-alfa-2-cajones.html
Conjunto mueble de baño Royo Alfa,"2 cajones + 1 puerta, suspendido con lavabo de cerámica Enzo","629,24€","781,66€","Lacado Blanco brillo, Fresno samara, Roble nórdico, Lacado Arena mate, Lacado Blanco mate, Azul ocean","{'Marca': '', 'Serie': 'Alfa', 'Tamaño de lavabo': 'Lavabo cerámico mide 1cm más que el mueble.', 'fondo': '46 cm', 'medida de alto': '56,5 cm', 'colocación': 'Suspendido', 'Nº de puertas': '1', 'Nº de cajones': '2', 'Tipos de cajones': 'Guías Hettich extracción total con cierre amortiguado', 'Organizador de cajón': 'Incluido', 'Material del mueble': 'MDF', 'Medida del grosor del lateral del mueble': '16 mm', 'Medida del grosor del frente del mueble': '16 mm', 'tirador': 'Uñero', 'Tipo de montaje': 'Montado (ensamblado de fábrica)', 'Medidas del lavabo': '1,5 cm mayor que el mueble (si el mueble mide 80x45 cm, el lavabo medirá 81,5x46,5 cm)', 'Material del lavabo': 'Cerámica', 'fabricación': 'Estándar', 'garantía': '3 años'}",http://cdn.todomueblesdebano.com/raw/upload/v1670588163/products/bc761621-7760-43c3-bc7a-0a56afcb0c1a/ALFA_MODULAR_EsquemaMontaje_1670588163.2683935.pdf,http://cdn.todomueblesdebano.com/raw/upload/v1670588146/products/bc761621-7760-43c3-bc7a-0a56afcb0c1a/ALFA_COMPACT_FichaTecnica_1670588146.0801656.pdf,Royo Group,Colección Alfa Compact,https://www.todomueblesdebano.com/conjunto-mueble-de-bano-royo-alfa-2-cajones-1-puerta.html
Conjunto mueble de baño Royo Alfa,"120 cm, 2 cajones + 2 puertas, suspendido, con lavabo Enzo de cerámica","917,06€","1.109,57€","Roble nórdico, Fresno samara, Lacado Arena mate, Lacado Blanco brillo, Lacado Blanco mate, Azul ocean","{'Marca': '', 'Tamaño de lavabo': 'Lavabo cerámico mide 1cm más que el mueble.', 'Serie': 'Alfa', 'medida de ancho': '120 cm', 'fondo': '46 cm', 'medida de alto': '56,5 cm', 'colocación': 'Suspendido', 'Nº de puertas': '2', 'Nº de cajones': '2', 'Tipos de cajones': 'Guías Hettich extracción total con cierre amortiguado', 'Organizador de cajón': 'Incluido', 'Material del mueble': 'MDF', 'Medida del grosor del lateral del mueble': '16 mm', 'Medida del grosor del frente del mueble': '16 mm', 'tirador': 'Uñero', 'Tipo de montaje': 'Montado (ensamblado de fábrica)', 'Medidas del lavabo': '1,5 cm mayor que el mueble (si el mueble mide 80x45 cm, el lavabo medirá 81,5x46,5 cm)', 'Medidas de la poza': '12 cm de profundidad', 'Material del lavabo': 'Cerámica', 'Grosor del lavabo': '2 cm', 'Peso neto': '34,88 kg', 'fabricación': 'Estándar', 'garantía': '3 años'}",http://cdn.todomueblesdebano.com/raw/upload/v1670834528/products/9cf25bbf-9254-467b-b6b4-54f48abf01a7/ALFA_MODULAR_EsquemaMontaje_1670834527.429112.pdf,http://cdn.todomueblesdebano.com/raw/upload/v1670834514/products/9cf25bbf-9254-467b-b6b4-54f48abf01a7/ALFA_COMPACT_FichaTecnica_1670834513.8334768.pdf,Royo Group,Colección Alfa Compact,https://www.todomueblesdebano.com/conjunto-mueble-de-bano-royo-alfa-2-cajones-2-puertas-120-cm.html
Conjunto mueble de baño Royo Alfa,"120 cm, 1 puerta + 2 cajones + 1 puerta, suspendido con lavabo Enzo de cerámica","951,65€","1.182,17€","Roble nórdico, Fresno samara, Lacado Arena mate, Lacado Blanco brillo, Lacado Blanco mate, Azul ocean","{'Marca': '', 'Serie': 'Alfa', 'Tamaño de lavabo': 'Lavabo cerámico mide 1cm más que el mueble.', 'medida de ancho': '120 cm', 'fondo': '46 cm', 'medida de alto': '56,5 cm', 'colocación': 'Suspendido', 'Nº de puertas': '2', 'Nº de cajones': '2', 'Tipos de cajones': 'Guías Hettich extracción total con cierre amortiguado', 'Organizador de cajón': 'Incluido', 'Material del mueble': 'MDF', 'Medida del grosor del lateral del mueble': '16 mm', 'Medida del grosor del frente del mueble': '16 mm', 'tirador': 'Uñero', 'Tipo de montaje': 'Montado (ensamblado de fábrica)', 'Medidas del lavabo': '1,5 cm mayor que el mueble (si el mueble mide 80x45 cm, el lavabo medirá 81,5x46,5 cm)', 'Medidas de la poza': '12 cm de profundidad', 'Material del lavabo': 'Cerámica', 'posición del seno': 'Lavabo de un seno centrado', 'Grosor del lavabo': '2,1 cm', 'Peso neto': '34,88 kg', 'fabricación': 'Estándar', 'garantía': '3 años'}",http://cdn.todomueblesdebano.com/raw/upload/v1670594578/products/b73b48a4-7a98-4ad6-b4e8-b5edb0bf168d/ALFA_MODULAR_EsquemaMontaje_1670594578.2074234.pdf,http://cdn.todomueblesdebano.com/raw/upload/v1670594564/products/b73b48a4-7a98-4ad6-b4e8-b5edb0bf168d/ALFA_COMPACT_FichaTecnica_1670594563.1235685.pdf,Royo Group,Colección Alfa Compact,https://www.todomueblesdebano.com/conjunto-mueble-de-bano-royo-alfa-1-puerta-2-cajones-1-puerta-120-cm.html
"Conjunto completo mueble de baño fondo reducido 27,5 cm Royo Enjoy","45 cm, 1 puerta suspendido con lavabo de cerámica y espejo Murano de 45x70 cm","236,11€","298,87€","Roble nórdico, Fresno samara, Lacado Blanco brillo","{'Marca': '', 'Tamaño de lavabo': 'Lavabo cerámico mide 1cm más que el mueble.', 'Serie': 'Enjoy', 'apertura de la puerta': 'A la derecha', 'medida de ancho': '45 cm', 'fondo': '27.5 cm', 'medida de alto': '60 cm', 'colocación': 'Suspendido', 'Nº de puertas': '1', 'Material del mueble': 'Tablero de partículas de madera', 'Medida del grosor del frente del mueble': '16 mm', 'Medida del grosor del lateral del mueble': '16 mm', 'tirador': 'Uñero', 'Tipo de montaje': 'Montado (ensamblado de fábrica)', 'Medidas del lavabo': '1,5 cm mayor que el mueble (si el mueble mide 80x45 cm, el lavabo medirá 81,5x46,5 cm)', 'Material del lavabo': 'Cerámica', 'posición del seno': 'Lavabo de un seno centrado', 'Tipo de espejo': 'Luna lisa', 'Peso neto': '23,11 kg', 'fabricación': 'Estándar', 'garantía': '3 años'}",http://cdn.todomueblesdebano.com/raw/upload/v1670865452/products/2674fb11-b7f7-467b-8a99-28a5b809fd28/ENJOY_EsquemaMontaje_1670865451.6916885.pdf,http://cdn.todomueblesdebano.com/raw/upload/v1670865442/products/2674fb11-b7f7-467b-8a99-28a5b809fd28/ENJOY_FichaTecnica_1670865441.706426.pdf,Royo Group,Colección Enjoy,https://www.todomueblesdebano.com/conjunto-mueble-de-bano-royo-enjoy-fondo-reducido.html
Conjunto completo mueble de baño fondo reducido 34 cm Royo Elegance,"45 cm, 1 puerta, suspendido con lavabo de cerámica y espejo Murano de 45x70 cm","254,27€","321,86€","Gris arenado, Nogal arenado, Lacado Blanco brillo, Lacado Galet brillo, Lacado Antracita brillo","{'Marca': '', 'Serie': 'Elegance', 'Tamaño de lavabo': 'Lavabo cerámico mide 1cm más que el mueble.', 'apertura de la puerta': 'A la izquierda', 'medida de ancho': '45 cm', 'fondo': '34 cm', 'medida de alto': '60 cm', 'colocación': 'Suspendido', 'Nº de puertas': '1', 'Material del mueble': 'Tablero de partículas de madera', 'Medida del grosor del frente del mueble': '16 mm', 'Medida del grosor del lateral del mueble': '16 mm', 'tirador': 'Uñero', 'Tipo de montaje': 'Montado (ensamblado de fábrica)', 'Medidas del lavabo': '1,5 cm mayor que el mueble (si el mueble mide 80x45 cm, el lavabo medirá 81,5x46,5 cm)', 'Material del lavabo': 'Cerámica', 'posición del seno': 'Lavabo de un seno centrado', 'Tipo de espejo': 'Luna lisa', 'Peso neto': '24,50 kg', 'fabricación': 'Estándar', 'garantía': '3 años'}",http://cdn.todomueblesdebano.com/raw/upload/v1670922509/products/1958b97e-5b54-487e-8358-9ed7c1285e0c/ELEGANCE_EsquemaMontaje_1670922508.9444606.pdf,http://cdn.todomueblesdebano.com/raw/upload/v1670922499/products/1958b97e-5b54-487e-8358-9ed7c1285e0c/ELEGANCE_FichaTecnica_1670922499.3101025.pdf,Royo Group,Colección Elegance,https://www.todomueblesdebano.com/conjunto-mueble-de-bano-royo-elegance-fondo-reducido.html
Conjunto mueble de baño Royo Vitale,"3 cajones con patas, lavabo Enzo de ceramica","477,03€","577,17€","Blanco nature, Beige nature, Gris nature, Lacado Blanco brillo, Lacado Arena mate, Lacado Blanco mate","{'Marca': '', 'Tamaño de lavabo': 'Lavabo cerámico mide 1cm más que el mueble.', 'Serie': 'Vitale', 'fondo': '46 cm', 'medida de alto': '85 cm', 'colocación': 'Con patas', 'Nº de cajones': '3', 'Tipos de cajones': 'Extracción total con cierre amortiguado', 'Organizador de cajón': 'No incluido', 'Material del mueble': 'Tablero de partículas de madera', 'Medida del grosor del lateral del mueble': '16 mm', 'Medida del grosor del frente del mueble': '18 mm', 'tirador': 'Uñero', 'Patas': 'Metálicas', 'Tipo de montaje': 'Montado (ensamblado de fábrica)', 'Medidas del lavabo': '1,5 cm mayor que el mueble (si el mueble mide 80x45 cm, el lavabo medirá 81,5x46,5 cm)', 'Medidas de la poza': '12,5 cm de profundidad', 'Material del lavabo': 'Cerámica', 'posición del seno': 'Lavabo de un seno centrado', 'Grosor del lavabo': '2,1 cm', 'fabricación': 'Estándar', 'garantía': '3 años'}",http://cdn.todomueblesdebano.com/raw/upload/v1668587073/products/39d476e4-1195-47b5-b354-871dde36ba4b/VITALE_EsquemaMontaje_1668587072.7366383.pdf,http://cdn.todomueblesdebano.com/raw/upload/v1668587095/products/39d476e4-1195-47b5-b354-871dde36ba4b/VITALE_FichaTecnica_1668587094.3461602.pdf,Royo Group,Colección Vitale,https://www.todomueblesdebano.com/conjunto-mueble-de-bano-royo-vitale-con-patas-3-cajones.html
Conjunto mueble de baño fondo reducido 39 cm Royo Vitale,2 cajones suspendido con lavabo Spirit de cerámica,"411,03€","497,31€","Blanco nature, Beige nature, Gris nature, Lacado Blanco brillo, Lacado Arena mate, Lacado Blanco mate","{'Marca': '', 'Serie': 'Vitale', 'Tamaño de lavabo': 'Lavabo cerámico mide 1cm más que el mueble.', 'fondo': '39 cm', 'medida de alto': '56,5 cm', 'colocación': 'Suspendido', 'Nº de cajones': '2', 'Tipos de cajones': 'Extracción total con cierre amortiguado', 'Organizador de cajón': 'Incluido', 'Material del mueble': 'Tablero de partículas de madera', 'Medida del grosor del lateral del mueble': '16 mm', 'Medida del grosor del frente del mueble': '18 mm', 'tirador': 'Uñero', 'Tipo de montaje': 'Montado (ensamblado de fábrica)', 'Medidas del lavabo': '1,5 cm mayor que el mueble (si el mueble mide 80x45 cm, el lavabo medirá 81,5x46,5 cm)', 'Medidas de la poza': '12 cm de profundidad', 'Material del lavabo': 'Cerámica', 'posición del seno': 'Lavabo de un seno centrado', 'Grosor del lavabo': '1,8 cm', 'fabricación': 'Estándar', 'garantía': '3 años'}",http://cdn.todomueblesdebano.com/raw/upload/v1668510275/products/8bfc554b-df23-4b11-931e-ba859aaf04b5/VITALE_EsquemaMontaje_1668510274.453744.pdf,http://cdn.todomueblesdebano.com/raw/upload/v1668510287/products/8bfc554b-df23-4b11-931e-ba859aaf04b5/VITALE_FichaTecnica_1668510286.463357.pdf,Royo Group,Colección Vitale,https://www.todomueblesdebano.com/conjunto-mueble-de-bano-royo-vitale-fondo-reducido-2-cajones.html
Conjunto mueble de baño fondo reducido 39 cm Royo Vitale,3 cajones con patas y lavabo Spirit de cerámica,"477,03€","577,17€","Beige nature, Gris nature, Lacado Arena mate, Lacado Blanco brillo, Lacado Blanco mate, Blanco nature","{'Marca': '', 'Tamaño de lavabo': 'Lavabo cerámico mide 1cm más que el mueble.', 'Serie': 'Vitale', 'fondo': '39 cm', 'medida de alto': '85 cm', 'colocación': 'Con patas', 'Nº de cajones': '3', 'Tipos de cajones': 'Extracción total con cierre amortiguado', 'Organizador de cajón': 'Incluido', 'Material del mueble': 'Tablero de partículas de madera', 'Medida del grosor del lateral del mueble': '16 mm', 'Medida del grosor del frente del mueble': '18 mm', 'tirador': 'Uñero', 'Patas': 'Patas en cromo', 'Tipo de montaje': 'Montado (ensamblado de fábrica)', 'Medidas del lavabo': '1,5 cm mayor que el mueble (si el mueble mide 80x45 cm, el lavabo medirá 81,5x46,5 cm)', 'Medidas de la poza': '12 cm de profundidad', 'Material del lavabo': 'Cerámica', 'posición del seno': 'Lavabo de un seno centrado', 'Grosor del lavabo': '1,8 cm', 'fabricación': 'Estándar', 'garantía': '3 años'}",http://cdn.todomueblesdebano.com/raw/upload/v1668596295/products/1a3ba7f8-4acc-4458-914c-9747f51e479a/VITALE_EsquemaMontaje_1668596295.0434928.pdf,http://cdn.todomueblesdebano.com/raw/upload/v1668596305/products/1a3ba7f8-4acc-4458-914c-9747f51e479a/VITALE_FichaTecnica_1668596304.9966023.pdf,Royo Group,Colección Vitale,https://www.todomueblesdebano.com/conjunto-mueble-de-bano-royo-vitale-fondo-reducido-3-cajones.html
Conjunto mueble de baño Royo Vitale,"2 cajones, suspendido con lavabo Enzo de cerámica","411,03€","497,31€","Lacado Blanco brillo, Blanco nature, Lacado Blanco mate, Lacado Azul Navy mate, Lacado Arena mate, Beige nature","{'Marca': '', 'Serie': 'Vitale', 'Tamaño de lavabo': 'Lavabo cerámico mide 1cm más que el mueble.', 'fondo': '46 cm', 'medida de alto': '56,5 cm', 'colocación': 'Suspendido', 'Nº de cajones': '2', 'Tipos de cajones': 'Extracción total con cierre amortiguado', 'Organizador de cajón': 'Incluido', 'Material del mueble': 'Tablero de partículas de madera', 'Medida del grosor del lateral del mueble': '16 mm', 'Medida del grosor del frente del mueble': '18 mm', 'tirador': 'Uñero', 'Tipo de montaje': 'Montado (ensamblado de fábrica)', 'Medidas del lavabo': '1,5 cm mayor que el mueble (si el mueble mide 80x45 cm, el lavabo medirá 81,5x46,5 cm)', 'Medidas de la poza': '12,5 cm de profundidad', 'Material del lavabo': 'Cerámica', 'posición del seno': 'Lavabo de un seno centrado', 'Grosor del lavabo': '2 cm', 'fabricación': 'Estándar', 'garantía': '3 años'}",http://cdn.todomueblesdebano.com/raw/upload/v1668440954/products/7a8148bc-fabe-4892-a518-523185dfbbfe/VITALE_EsquemaMontaje_1668440953.9022815.pdf,http://cdn.todomueblesdebano.com/raw/upload/v1668440912/products/7a8148bc-fabe-4892-a518-523185dfbbfe/VITALE_FichaTecnica_1668440912.244849.pdf,Royo Group,Colección Vitale,https://www.todomueblesdebano.com/conjunto-mueble-de-bano-royo-vitale-suspendido-2-cajones.html
Conjunto mueble de baño Royo Vitale,"120 cm con 4 cajones, suspedido y lavabo doble poza Enzo de cerámica","863,06€","1.044,23€","Blanco nature, Beige nature, Gris nature, Lacado Blanco brillo, Lacado Arena mate, Lacado Blanco mate","{'Marca': '', 'Tamaño de lavabo': 'Lavabo cerámico mide 1cm más que el mueble.', 'Serie': 'Vitale', 'medida de ancho': '120 cm', 'fondo': '46 cm', 'medida de alto': '56,5 cm', 'colocación': 'Suspendido', 'Nº de cajones': '4', 'Tipos de cajones': 'Extracción total con cierre amortiguado', 'Organizador de cajón': 'Incluido', 'Material del mueble': 'Tablero de partículas de madera', 'Medida del grosor del lateral del mueble': '16 mm', 'Medida del grosor del frente del mueble': '18 mm', 'tirador': 'Uñero', 'Tipo de montaje': 'Montado (ensamblado de fábrica)', 'Medidas del lavabo': '1,5 cm mayor que el mueble (si el mueble mide 80x45 cm, el lavabo medirá 81,5x46,5 cm)', 'Medidas de la poza': '12 cm de profundidad', 'Material del lavabo': 'Cerámica', 'Grosor del lavabo': '2 cm', 'posición del seno': 'Lavabo de doble seno', 'Peso neto': '41 kg', 'fabricación': 'Estándar', 'garantía': '3 años'}",http://cdn.todomueblesdebano.com/raw/upload/v1668527320/products/aa459321-70a7-4476-99b5-71131f60b50c/VITALE_EsquemaMontaje_1668527318.8020337.pdf,http://cdn.todomueblesdebano.com/raw/upload/v1668527329/products/aa459321-70a7-4476-99b5-71131f60b50c/VITALE_FichaTecnica_1668527329.2614033.pdf,Royo Group,Colección Vitale,https://www.todomueblesdebano.com/conjunto-mueble-de-bano-royo-vitale-lavabo-doble-poza-4-cajones-120-cm.html
Conjunto mueble de baño Royo Vitale,"120 cm con 6 cajones, con patas y lavabo Enzo de cerámica","1.059,07€","1.281,39€","Gris nature, Lacado Arena mate, Blanco nature, Beige nature, Lacado Blanco brillo, Lacado Blanco mate","{'Marca': '', 'Serie': 'Vitale', 'Tamaño de lavabo': 'Lavabo cerámico mide 1cm más que el mueble.', 'medida de ancho': '120 cm', 'fondo': '46 cm', 'medida de alto': '85 cm', 'colocación': 'Con patas', 'Nº de cajones': '6', 'Tipos de cajones': 'Extracción total con cierre amortiguado', 'Organizador de cajón': 'Incluido', 'Material del mueble': 'Tablero de partículas de madera', 'Medida del grosor del lateral del mueble': '16 mm', 'Medida del grosor del frente del mueble': '18 mm', 'tirador': 'Uñero', 'Patas': 'Metálicas', 'Tipo de montaje': 'Montado (ensamblado de fábrica)', 'Medidas del lavabo': '1,5 cm mayor que el mueble (si el mueble mide 80x45 cm, el lavabo medirá 81,5x46,5 cm)', 'Medidas de la poza': '12,5 cm de profundidad', 'Material del lavabo': 'Cerámica', 'posición del seno': 'Lavabo de doble seno', 'Grosor del lavabo': '2 cm', 'Peso neto': '56 kg', 'fabricación': 'Estándar', 'garantía': '3 años'}",http://cdn.todomueblesdebano.com/raw/upload/v1668600648/products/f96cbc2f-a08e-4832-9d62-8cdeae03c4f2/VITALE_EsquemaMontaje_1668600647.6722896.pdf,http://cdn.todomueblesdebano.com/raw/upload/v1668600659/products/f96cbc2f-a08e-4832-9d62-8cdeae03c4f2/VITALE_FichaTecnica_1668600658.9877703.pdf,Royo Group,Colección Vitale,https://www.todomueblesdebano.com/conjunto-mueble-de-bano-royo-vitale-lavabo-doble-poza-6-cajones-120-cm.html
Conjunto mueble de baño Royo Urban,3 cajones con patas y lavabo Enzo de cerámica,"523,03€","632,83€","Blanco nature, Beige nature, Gris nature, Lacado Blanco mate","{'Marca': '', 'Tamaño de lavabo': 'Lavabo cerámico mide 1cm más que el mueble.', 'Serie': 'Urban', 'fondo': '46 cm', 'medida de alto': '85 cm', 'colocación': 'Con patas', 'Nº de cajones': '3', 'Tipos de cajones': 'Extracción total con cierre amortiguado', 'Organizador de cajón': 'Incluido', 'Material del mueble': 'MDF', 'Medida del grosor del lateral del mueble': '16 mm', 'Medida del grosor del frente del mueble': '18 mm', 'tirador': 'Tirador integrado patentado', 'Patas': 'Metálicas', 'Tipo de montaje': 'Montado (ensamblado de fábrica)', 'Medidas del lavabo': '1,5 cm mayor que el mueble (si el mueble mide 80x45 cm, el lavabo medirá 81,5x46,5 cm)', 'Medidas de la poza': '12,5 cm de profundidad', 'Material del lavabo': 'Cerámica', 'posición del seno': 'Lavabo de un seno centrado', 'Grosor del lavabo': '2 cm', 'fabricación': 'Estándar', 'garantía': '3 años'}",http://cdn.todomueblesdebano.com/raw/upload/v1669823084/products/cba641da-38c9-43be-81ef-9925fb0dafbe/URBAN_EsquemaMontaje_1669823084.5150273.pdf,http://cdn.todomueblesdebano.com/raw/upload/v1669823072/products/cba641da-38c9-43be-81ef-9925fb0dafbe/URBAN_FichaTecnica_1669823072.0390387.pdf,Royo Group,Colección Urban,https://www.todomueblesdebano.com/conjunto-mueble-de-bano-royo-urban-3-cajones.html
Conjunto mueble de baño Royo Urban,2 cajones suspendido con lavabo Enzo de cerámica,"450,03€","544,50€","Blanco nature, Beige nature, Gris nature, Lacado Blanco mate","{'Marca': '', 'Serie': 'Urban', 'Tamaño de lavabo': 'Lavabo cerámico mide 1cm más que el mueble.', 'fondo': '46 cm', 'medida de alto': '56,5 cm', 'colocación': 'Suspendido', 'Nº de cajones': '2', 'Tipos de cajones': 'Extracción total con cierre amortiguado', 'Organizador de cajón': 'Incluido', 'Material del mueble': 'MDF', 'Medida del grosor del lateral del mueble': '16 mm', 'Medida del grosor del frente del mueble': '18 mm', 'tirador': 'Tirador integrado patentado', 'Tipo de montaje': 'Montado (ensamblado de fábrica)', 'Medidas del lavabo': '1,5 cm mayor que el mueble (si el mueble mide 80x45 cm, el lavabo medirá 81,5x46,5 cm)', 'Medidas de la poza': '12 cm de profundidad', 'Material del lavabo': 'Cerámica', 'posición del seno': 'Lavabo de un seno centrado', 'Grosor del lavabo': '2,1 cm', 'fabricación': 'Estándar', 'garantía': '3 años'}",http://cdn.todomueblesdebano.com/raw/upload/v1669637438/products/871a0f82-2c47-4716-9ffc-34edde1765b0/URBAN_EsquemaMontaje_1669637438.1277266.pdf,http://cdn.todomueblesdebano.com/raw/upload/v1669637452/products/871a0f82-2c47-4716-9ffc-34edde1765b0/URBAN_FichaTecnica_1_1669637452.030449.pdf,Royo Group,Colección Urban,https://www.todomueblesdebano.com/conjunto-mueble-de-bano-royo-urban-2-cajones.html
Conjunto mueble de baño Royo Urban,"120 cm, 4 cajones suspendidos con lavabo doble poza Enzo de cerámica","798,10€","1.124,08€","Blanco nature, Beige nature, Gris nature, Lacado Blanco mate","{'Marca': '', 'Tamaño de lavabo': 'Lavabo cerámico mide 1cm más que el mueble.', 'Serie': 'Urban', 'medida de ancho': '120 cm', 'fondo': '46 cm', 'medida de alto': '56,5 cm', 'colocación': 'Suspendido', 'Nº de cajones': '4', 'Tipos de cajones': 'Extracción total con cierre amortiguado', 'Organizador de cajón': 'Incluido', 'Material del mueble': 'MDF', 'Medida del grosor del lateral del mueble': '16 mm', 'Medida del grosor del frente del mueble': '18 mm', 'tirador': 'Tirador integrado patentado', 'Patas': 'Metálicas', 'Tipo de montaje': 'Montado (ensamblado de fábrica)', 'Medidas del lavabo': '1,5 cm mayor que el mueble (si el mueble mide 80x45 cm, el lavabo medirá 81,5x46,5 cm)', 'Medidas de la poza': '12 cm de profundidad', 'Material del lavabo': 'Cerámica', 'posición del seno': 'Lavabo de doble seno', 'Grosor del lavabo': '2,1 cm', 'Peso neto': '41 kg', 'fabricación': 'Estándar', 'garantía': '3 años'}",http://cdn.todomueblesdebano.com/raw/upload/v1669821234/products/8945f32b-71e2-442a-b175-b09c6e591483/URBAN_EsquemaMontaje_1669821233.9410167.pdf,http://cdn.todomueblesdebano.com/raw/upload/v1669821220/products/8945f32b-71e2-442a-b175-b09c6e591483/URBAN_FichaTecnica_1_1669821219.411509.pdf,Royo Group,Colección Urban,https://www.todomueblesdebano.com/conjunto-mueble-de-bano-royo-urban-4-cajones-120-cm.html
Conjunto mueble de baño Royo Urban,"120 cm, 6 cajones con patas y lavabo doble poza Enzo de cerámica","1.138,07€","1.376,98€","Blanco nature, Beige nature, Gris nature, Lacado Blanco mate","{'Marca': '', 'Tamaño de lavabo': 'Lavabo cerámico mide 1cm más que el mueble.', 'Serie': 'Urban', 'medida de ancho': '120 cm', 'fondo': '46 cm', 'medida de alto': '85 cm', 'colocación': 'Con patas', 'Nº de cajones': '6', 'Tipos de cajones': 'Extracción total con cierre amortiguado', 'Organizador de cajón': 'Incluido', 'Material del mueble': 'MDF', 'Medida del grosor del lateral del mueble': '16 mm', 'Medida del grosor del frente del mueble': '18 mm', 'tirador': 'Tirador integrado patentado', 'Patas': 'Metálicas', 'Tipo de montaje': 'Montado (ensamblado de fábrica)', 'Medidas del lavabo': '1,5 cm mayor que el mueble (si el mueble mide 80x45 cm, el lavabo medirá 81,5x46,5 cm)', 'Medidas de la poza': '12,5 cm de profundidad', 'Material del lavabo': 'Cerámica', 'posición del seno': 'Lavabo de doble seno', 'Grosor del lavabo': '2 cm', 'Peso neto': '56,14 kg', 'fabricación': 'Estándar', 'garantía': '3 años'}",http://cdn.todomueblesdebano.com/raw/upload/v1669826704/products/d090e39c-21d1-4913-97e8-eb6e81022f03/URBAN_EsquemaMontaje_1669826703.7084198.pdf,http://cdn.todomueblesdebano.com/raw/upload/v1669826690/products/d090e39c-21d1-4913-97e8-eb6e81022f03/URBAN_FichaTecnica_1669826689.3745277.pdf,Royo Group,Colección Urban,https://www.todomueblesdebano.com/conjunto-mueble-de-bano-royo-urban-6-cajones.html
Conjunto mueble de baño Royo Nisy,"2 cajones, suspendido con lavabo Enzo de cerámica","329,02€","398,09€","Nogal arenado, Lacado Blanco brillo, Lacado Azul Navy brillo, Lacado Galet brillo, Lacado Antracita brillo","{'Marca': '', 'Serie': 'Nisy', 'Tamaño de lavabo': 'Lavabo cerámico mide 1cm más que el mueble.', 'fondo': '46 cm', 'medida de alto': '56,5 cm', 'colocación': 'Suspendido', 'Nº de cajones': '2', 'Tipos de cajones': 'Extracción parcial con cierre amortiguado', 'Organizador de cajón': 'Incluido', 'Material del mueble': 'MDF', 'Medida del grosor del lateral del mueble': '16 mm', 'Medida del grosor del frente del mueble': '16 mm', 'tirador': 'Tirador metálico', 'Patas': 'Metálicas', 'Tipo de montaje': 'Montado (ensamblado de fábrica)', 'Medidas del lavabo': '1,5 cm mayor que el mueble (si el mueble mide 80x45 cm, el lavabo medirá 81,5x46,5 cm)', 'Medidas de la poza': '12 cm de profundidad', 'Material del lavabo': 'Cerámica', 'posición del seno': 'Lavabo de un seno centrado', 'Grosor del lavabo': '2,1 cm', 'fabricación': 'Estándar', 'garantía': '3 años'}",http://cdn.todomueblesdebano.com/raw/upload/v1669137640/products/aaf29ff2-a540-44b8-af0c-cb99be59dfb3/NISY_EsquemaMontaje_1669137639.5224507.pdf,http://cdn.todomueblesdebano.com/raw/upload/v1669137627/products/aaf29ff2-a540-44b8-af0c-cb99be59dfb3/NISY_FichaTecnica_1669137625.4048142.pdf,Royo Group,Colección Nisy,https://www.todomueblesdebano.com/conjunto-mueble-de-bano-royo-nisy-2-cajones.html
Conjunto mueble de baño Royo Nisy,"120 cm, 4 cajones suspendido con lavabo Enzo de cerámica","713,05€","862,73€","Lacado Blanco brillo, Lacado Galet brillo, Nogal arenado, Lacado Azul Navy brillo, Lacado Antracita brillo","{'Marca': '', 'Tamaño de lavabo': 'Lavabo cerámico mide 1cm más que el mueble.', 'Serie': 'Nisy', 'medida de ancho': '120 cm', 'fondo': '46 cm', 'medida de alto': '56,5 cm', 'colocación': 'Suspendido', 'Nº de cajones': '4', 'Tipos de cajones': 'Extracción parcial con cierre amortiguado', 'Organizador de cajón': 'Incluido', 'Material del mueble': 'MDF', 'Medida del grosor del lateral del mueble': '16 mm', 'Medida del grosor del frente del mueble': '16 mm', 'tirador': 'Tirador metálico', 'Patas': 'Metálicas', 'Tipo de montaje': 'Montado (ensamblado de fábrica)', 'Medidas del lavabo': '1,5 cm mayor que el mueble (si el mueble mide 80x45 cm, el lavabo medirá 81,5x46,5 cm)', 'Medidas de la poza': '12 cm de profundidad', 'Material del lavabo': 'Cerámica', 'posición del seno': 'Lavabo de doble seno', 'Grosor del lavabo': '2,1 cm', 'Peso neto': '40 kg', 'fabricación': 'Estándar', 'garantía': '3 años'}",http://cdn.todomueblesdebano.com/raw/upload/v1669221715/products/2424962a-034b-41b5-8f2b-bf4208809a5e/NISY_EsquemaMontaje_1669221715.1711044.pdf,http://cdn.todomueblesdebano.com/raw/upload/v1669221704/products/2424962a-034b-41b5-8f2b-bf4208809a5e/NISY_FichaTecnica_1669221703.707049.pdf,Royo Group,Colección Nisy,https://www.todomueblesdebano.com/conjunto-mueble-de-bano-royo-nisy-120-cm.html
Conjunto mueble de baño Royo Wave,1 cajón suspendido con lavabo Trend de cerámica,"562,04€","680,02€","Blanco nature, Beige nature, Lacado Arena mate, Lacado Blanco mate","{'Marca': '', 'Tamaño de lavabo': 'Lavabo cerámico mide 1cm más que el mueble.', 'Serie': 'Wave', 'fondo': '49/52 cm', 'medida de alto': '38 cm', 'colocación': 'Suspendido', 'Nº de cajones': '1', 'Tipos de cajones': 'Guías Hettich extracción total con cierre amortiguado', 'Organizador de cajón': 'Incluido', 'Material del mueble': 'MDF', 'Medida del grosor del lateral del mueble': '16 mm', 'Medida del grosor del frente del mueble': '18 mm', 'tirador': 'Tirador integrado patentado', 'Tipo de montaje': 'Montado (ensamblado de fábrica)', 'Medidas del lavabo': '1,5 cm mayor que el mueble (si el mueble mide 80x45 cm, el lavabo medirá 81,5x46,5 cm)', 'Medidas de la poza': '12 cm de profundidad', 'Material del lavabo': 'Cerámica', 'posición del seno': 'Lavabo de un seno centrado', 'Grosor del lavabo': '2 cm', 'fabricación': 'Estándar', 'garantía': '3 años'}",http://cdn.todomueblesdebano.com/raw/upload/v1670416113/products/d1d3408d-cb8b-4d31-a73b-74146cc58d5b/WAVE_MODULAR_EsquemaMontaje_1670416113.1206043.pdf,http://cdn.todomueblesdebano.com/raw/upload/v1670416124/products/d1d3408d-cb8b-4d31-a73b-74146cc58d5b/WAVE_MODULAR_FichaTecnica_1670416123.4198895.pdf,Royo Group,Colección Wave,https://www.todomueblesdebano.com/conjunto-mueble-de-bano-royo-wave-1-cajon.html
Conjunto mueble de baño Royo Wave,2 cajones suspendido con lavabo Trend de cerámica,"660,04€","798,60€","Blanco nature, Beige nature, Lacado Arena mate, Lacado Blanco mate","{'Marca': '', 'Tamaño de lavabo': 'Lavabo cerámico mide 1cm más que el mueble.', 'Serie': 'Wave', 'fondo': '49/52 cm', 'medida de alto': '54 cm', 'colocación': 'Suspendido', 'Nº de cajones': '2', 'Tipos de cajones': 'Guías Hettich extracción total con cierre amortiguado', 'Organizador de cajón': 'Incluido', 'Material del mueble': 'MDF', 'Medida del grosor del lateral del mueble': '16 mm', 'Medida del grosor del frente del mueble': '18 mm', 'tirador': 'Tirador integrado patentado', 'Tipo de montaje': 'Montado (ensamblado de fábrica)', 'Medidas del lavabo': '1,5 cm mayor que el mueble (si el mueble mide 80x45 cm, el lavabo medirá 81,5x46,5 cm)', 'Medidas de la poza': '12 cm de profundidad', 'Material del lavabo': 'Cerámica', 'posición del seno': 'Lavabo de un seno centrado', 'Grosor del lavabo': '2 cm', 'fabricación': 'Estándar', 'garantía': '3 años'}",http://cdn.todomueblesdebano.com/raw/upload/v1670413045/products/517e2b74-7ee0-44c2-b767-eefec00144cf/WAVE_MODULAR_EsquemaMontaje_1670413045.0432694.pdf,http://cdn.todomueblesdebano.com/raw/upload/v1670413030/products/517e2b74-7ee0-44c2-b767-eefec00144cf/WAVE_MODULAR_FichaTecnica_1670413029.6562386.pdf,Royo Group,Colección Wave,https://www.todomueblesdebano.com/conjunto-mueble-de-bano-royo-wave-2-cajones.html
Mueble de baño con encimera de madera Royo Econic,"2 cajones, suspendido","495,03€","598,95€","Lacado Verde Forest mate al agua sostenible, Lacado Blanco brillo, Lacado Blanco mate, Lacado Negro mate, Lacado Azul Vapor mate al agua sostenible, Hickory Nature","{'Marca': '', 'Serie': 'Econic', 'fondo': '46 cm', 'medida de alto': '56,5 cm', 'colocación': 'Suspendido', 'Nº de cajones': '2', 'Tipos de cajones': 'Guías Hettich extracción total con cierre amortiguado', 'Organizador de cajón': 'Incluido', 'Material del mueble': 'Tablero de partículas de madera', 'Medida del grosor del lateral del mueble': '16 mm', 'Medida del grosor del frente del mueble': '16 mm', 'tirador': 'Uñero', 'Tipo de montaje': 'Montado (ensamblado de fábrica)', 'fabricación': 'Estándar', 'garantía': '3 años'}",http://cdn.todomueblesdebano.com/raw/upload/v1676902168/products/71d5e126-cc0b-4949-848b-f144dce96bc8/ECONIC_EsquemaMontaje_1_1676902168.533612.pdf,http://cdn.todomueblesdebano.com/raw/upload/v1676902181/products/71d5e126-cc0b-4949-848b-f144dce96bc8/ECONIC_COMPACT_FichaTecnica_1676902181.393779.pdf,Royo Group,Colección Econic,https://www.todomueblesdebano.com/mueble-de-bano-royo-econic.html
Conjunto mueble de baño Royo Econic,"2 cajones, suspendido con lavabo Enzo de cerámica","495,03€","598,95€","Lacado Blanco brillo, Lacado Blanco mate, Lacado Negro mate, Lacado Verde Forest mate al agua sostenible, Lacado Azul Vapor mate al agua sostenible","{'Marca': '', 'Tamaño de lavabo': 'Lavabo cerámico mide 1cm más que el mueble.', 'Serie': 'Econic', 'fondo': '46 cm', 'medida de alto': '56,5 cm', 'colocación': 'Suspendido', 'Nº de cajones': '2', 'Tipos de cajones': 'Guías Hettich extracción total con cierre amortiguado', 'Organizador de cajón': 'Incluido', 'Material del mueble': 'Tablero de partículas de madera', 'Medida del grosor del lateral del mueble': '16 mm', 'Medida del grosor del frente del mueble': '16 mm', 'tipo de encimera': 'Cerámica', 'tirador': 'Uñero', 'Tipo de montaje': 'Montado (ensamblado de fábrica)', 'Medidas del lavabo': '1,5 cm mayor que el mueble (si el mueble mide 80x45 cm, el lavabo medirá 81,5x46,5 cm)', 'Medidas de la poza': '12,5 cm de profundidad', 'Material del lavabo': 'Cerámica', 'posición del seno': 'Lavabo de un seno centrado', 'Grosor del lavabo': '1.4 cm', 'fabricación': 'Estándar', 'garantía': '3 años'}",http://cdn.todomueblesdebano.com/raw/upload/v1676902140/products/8f3e1e83-e886-40ea-bc65-05ad9eed58d6/ECONIC_EsquemaMontaje_1_1676902139.9241927.pdf,http://cdn.todomueblesdebano.com/raw/upload/v1676902152/products/8f3e1e83-e886-40ea-bc65-05ad9eed58d6/ECONIC_COMPACT_FichaTecnica_1676902151.639115.pdf,Royo Group,Colección Econic,https://www.todomueblesdebano.com/conjunto-mueble-de-bano-royo-econic-2-cajones.html
Conjunto mueble de baño Logika Royo,2 cajones suspendidos con lavabo Enzo de cerámica,"546,04€","660,67€","Verde pure con tirador antracita, Nogal Ártico con tirador blanco, Blanco pure con tirador inox, Azul talco pure con tirador blanco","{'Ref C0077494': '', 'Marca': '', 'Tamaño de lavabo': 'Lavabo cerámico mide 1cm más que el mueble.', 'Serie': 'Logika', 'fondo': '45 cm', 'medida de alto': '56.5 cm', 'colocación': 'Suspendido', 'Nº de cajones': '2', 'Tipos de cajones': 'Extracción total con cierre amortiguado', 'Organizador de cajón': 'Incluido', 'Material del mueble': 'Tablero de partículas de madera', 'Medida del grosor del lateral del mueble': '16 mm', 'Medida del grosor del frente del mueble': '16 mm', 'tirador': 'Tirador metálico', 'Tipo de montaje': 'Montado (ensamblado de fábrica)', 'Medidas del lavabo': '1,5 cm mayor que el mueble (si el mueble mide 80x45 cm, el lavabo medirá 81,5x46,5 cm)', 'Material del lavabo': 'Cerámica', 'posición del seno': 'Lavabo de un seno centrado', 'Grosor del lavabo': '2 cm', 'fabricación': 'Estándar', 'garantía': '3 años', 'Lavabo - Muebles de baño': 'Lavabo Enzo de cerámica'}",http://cdn.todomueblesdebano.com/raw/upload/v1703588689/products/02120fff-42e4-4142-8494-176795b1e189/LOGIKA_EsquemaMontaje_1703588689.120354.pdf,http://cdn.todomueblesdebano.com/raw/upload/v1703588696/products/02120fff-42e4-4142-8494-176795b1e189/LOGIKA_FichaTecnica_1703588695.9795501.pdf,Royo Group,Colección Logika,https://www.todomueblesdebano.com/conjunto-mueble-de-bano-royo-logika.html
Mueble de baño con encimera de madera Royo  Logika,2 cajones suspendidos,"504,03€","609,84€","Azul talco pure con tirador blanco, Verde pure con tirador antracita, Nogal Ártico con tirador blanco, Blanco pure con tirador inox","{'Ref C0077517': '', 'Marca': '', 'Serie': 'Logika', 'fondo': '45 cm', 'medida de alto': '56.5 cm', 'colocación': 'Suspendido', 'Nº de cajones': '2', 'Tipos de cajones': 'Guías Hettich extracción parcial con cierre amortiguado', 'Organizador de cajón': 'Incluido', 'Material del mueble': 'Tablero de partículas de madera', 'Medida del grosor del frente del mueble': '16 mm', 'Medida del grosor del lateral del mueble': '16 mm', 'tipo de encimera': 'Madera de 1.6 cm de grosor', 'tirador': 'Tirador metálico', 'Patas': 'Sin patas', 'Tipo de montaje': 'Montado (ensamblado de fábrica)', 'fabricación': 'Estándar', 'garantía': '3 años'}",http://cdn.todomueblesdebano.com/raw/upload/v1703612814/products/eddfc709-65f8-481c-b25b-2df29ef9bb8d/LOGIKA_EsquemaMontaje_1703612813.2129855.pdf,http://cdn.todomueblesdebano.com/raw/upload/v1703612822/products/eddfc709-65f8-481c-b25b-2df29ef9bb8d/LOGIKA_FichaTecnica_1703612821.9269323.pdf,Royo Group,Colección Logika,https://www.todomueblesdebano.com/conjunto-mueble-de-bano-royo-logika-encimera.html
Conjunto mueble de baño Royo Band,"1 cajon + 2 puertas, con patas y lavabo Enzo de cerámica","389,03€","470,70€","Gris arenado, Lacado Blanco brillo, Nogal arenado, Lacado Galet brillo, Lacado Antracita brillo","{'Marca': '', 'Serie': 'Band', 'Tamaño de lavabo': 'Lavabo cerámico mide 1cm más que el mueble.', 'fondo': '46 cm', 'medida de alto': '85 cm', 'colocación': 'Con patas', 'Nº de puertas': '2', 'Nº de cajones': '1', 'Tipos de cajones': 'Guías Hettich extracción total con cierre amortiguado', 'Organizador de cajón': 'Incluido', 'Material del mueble': 'MDF', 'Medida del grosor del lateral del mueble': '16 mm', 'Medida del grosor del frente del mueble': '16 mm', 'tirador': 'Uñero', 'Patas': 'Metálicas', 'Tipo de montaje': 'Montado (ensamblado de fábrica)', 'Medidas del lavabo': '1,5 cm mayor que el mueble (si el mueble mide 80x45 cm, el lavabo medirá 81,5x46,5 cm)', 'Medidas de la poza': '12,5 cm de profundidad', 'Material del lavabo': 'Cerámica', 'posición del seno': 'Lavabo de un seno centrado', 'Grosor del lavabo': '2 cm', 'fabricación': 'Estándar', 'garantía': '3 años'}",http://cdn.todomueblesdebano.com/raw/upload/v1669284323/products/9a44c0d0-e4f8-4c3f-ba3c-0bcbebb6fab3/BAND_EsquemaMontaje_1669284322.8283856.pdf,http://cdn.todomueblesdebano.com/raw/upload/v1669284311/products/9a44c0d0-e4f8-4c3f-ba3c-0bcbebb6fab3/BAND_FichaTecnica_1669284310.815767.pdf,Royo Group,Colección Band,https://www.todomueblesdebano.com/conjunto-mueble-de-bano-royo-band-1-cajon-2-puertas.html
Conjunto mueble de baño Royo Band,"2 cajones + 1 puerta, con patas y lavabo Enzo de cerámica","416,03€","503,36€","Gris arenado, Nogal arenado, Lacado Blanco brillo, Lacado Galet brillo, Lacado Antracita brillo","{'Marca': '', 'Tamaño de lavabo': 'Lavabo cerámico mide 1cm más que el mueble.', 'Serie': 'Band', 'fondo': '46 cm', 'medida de alto': '85 cm', 'colocación': 'Con patas', 'Nº de puertas': '1', 'Nº de cajones': '2', 'Tipos de cajones': 'Guías Hettich extracción parcial con cierre amortiguado', 'Organizador de cajón': 'Incluido', 'Material del mueble': 'MDF', 'Medida del grosor del lateral del mueble': '16 mm', 'Medida del grosor del frente del mueble': '16 mm', 'tirador': 'Uñero', 'Patas': 'Metálicas', 'Tipo de montaje': 'Montado (ensamblado de fábrica)', 'Medidas del lavabo': '1,5 cm mayor que el mueble (si el mueble mide 80x45 cm, el lavabo medirá 81,5x46,5 cm)', 'Medidas de la poza': '12 cm de profundidad', 'Material del lavabo': 'Cerámica', 'posición del seno': 'Lavabo de un seno centrado', 'Grosor del lavabo': '2 cm', 'fabricación': 'Estándar', 'garantía': '3 años'}",http://cdn.todomueblesdebano.com/raw/upload/v1669292165/products/8e88b524-000b-48fa-acc3-9838114d656f/BAND_EsquemaMontaje_1669292164.299901.pdf,http://cdn.todomueblesdebano.com/raw/upload/v1669292152/products/8e88b524-000b-48fa-acc3-9838114d656f/BAND_FichaTecnica_1669292151.388214.pdf,Royo Group,Colección Band,https://www.todomueblesdebano.com/conjunto-mueble-de-bano-royo-band-2-cajones-y-1-puerta.html
Conjunto mueble de baño Royo Band,"120 cm, 2 cajones + 4 puertas con patas y lavabo doble poza Enzo de cerámica","799,71€","975,26€","Gris arenado, Nogal arenado, Lacado Blanco brillo, Lacado Galet brillo, Lacado Antracita brillo","{'Marca': '', 'Serie': 'Band', 'Tamaño de lavabo': 'Lavabo cerámico mide 1cm más que el mueble.', 'medida de ancho': '120 cm', 'fondo': '46 cm', 'medida de alto': '85 cm', 'colocación': 'Con patas', 'Nº de puertas': '4', 'Nº de cajones': '2', 'Tipos de cajones': 'Guías Hettich extracción total con cierre amortiguado', 'Organizador de cajón': 'Incluido', 'Material del mueble': 'MDF', 'Medida del grosor del lateral del mueble': '16 mm', 'Medida del grosor del frente del mueble': '16 mm', 'tirador': 'Uñero', 'Patas': 'Metálicas', 'Tipo de montaje': 'Montado (ensamblado de fábrica)', 'Medidas del lavabo': '1,5 cm mayor que el mueble (si el mueble mide 80x45 cm, el lavabo medirá 81,5x46,5 cm)', 'Medidas de la poza': '12,5 cm de profundidad', 'Material del lavabo': 'Cerámica', 'posición del seno': 'Lavabo de doble seno', 'Grosor del lavabo': '2 cm', 'Peso neto': '49,4 kg', 'fabricación': 'Estándar', 'garantía': '3 años'}",http://cdn.todomueblesdebano.com/raw/upload/v1669296506/products/0afa0bb8-5cd8-4cd5-bbb0-86e5c352f327/BAND_EsquemaMontaje_1669296505.6631756.pdf,http://cdn.todomueblesdebano.com/raw/upload/v1669296494/products/0afa0bb8-5cd8-4cd5-bbb0-86e5c352f327/BAND_FichaTecnica_1669296494.1410935.pdf,Royo Group,Colección Band,https://www.todomueblesdebano.com/conjunto-mueble-bano-royo-band-patas-4-puertas-2-cajones-120-cm.html
Conjunto mueble de baño Royo Mio,"2 cajones suspendido, con lavabo Enzo de cerámica y tirador disponible en varios colores","544,04€","658,25€","Roble blanco, Lacado Arena mate, Olmo gris, Lacado Blanco mate tirador negro, Lacado Blanco mate tirador blanco","{'Marca': '', 'Serie': 'Mio', 'Tamaño de lavabo': 'Lavabo cerámico mide 1cm más que el mueble.', 'fondo': '46 cm', 'medida de alto': '56,5 cm', 'colocación': 'Suspendido', 'Nº de cajones': '2', 'Tipos de cajones': 'Guías Hettich extracción total con cierre amortiguado', 'Organizador de cajón': 'Incluido', 'Material del mueble': 'MDF', 'Medida del grosor del lateral del mueble': '16 mm', 'Medida del grosor del frente del mueble': '16 mm', 'tirador': 'Metálico', 'Patas': 'Metálicas', 'Tipo de montaje': 'Montado (ensamblado de fábrica)', 'Medidas del lavabo': '1,5 cm mayor que el mueble (si el mueble mide 80x45 cm, el lavabo medirá 81,5x46,5 cm)', 'Medidas de la poza': '12,5 cm de profundidad', 'Material del lavabo': 'Cerámica', 'posición del seno': 'Lavabo de un seno centrado', 'Grosor del lavabo': '2 cm', 'fabricación': 'Estándar', 'garantía': '3 años'}",http://cdn.todomueblesdebano.com/raw/upload/v1670418664/products/36e311d7-3a54-4ac5-ac1d-d71d14e79cdc/MIO_MODULAR_EsquemaMontaje_1670418664.402303.pdf,http://cdn.todomueblesdebano.com/raw/upload/v1670418648/products/36e311d7-3a54-4ac5-ac1d-d71d14e79cdc/MIO_MODULAR_FichaTecnica_1670418647.3284721.pdf,Royo Group,Colección Mio,https://www.todomueblesdebano.com/conjunto-mueble-de-bano-royo-mio.html
Mueble de baño Royo Vida,"2 cajones, suspendido con tirador disponible en varios colores","341,02€","412,61€","Nogal arenado, Lacado Azul Navy mate, Lacado Galet mate, Lacado Negro mate, Roble Eternity, Lacado Blanco brillo","{'Ref 126642': '', 'Marca': '', 'Serie': 'Vida', 'fondo': '45 cm', 'medida de alto': '56.5 cm', 'colocación': 'Suspendido', 'Nº de cajones': '2', 'Tipos de cajones': 'Guías Hettich extracción total con cierre amortiguado', 'Organizador de cajón': 'Incluido', 'Material del mueble': 'Tablero de partículas de madera', 'Medida del grosor del frente del mueble': '18 mm', 'Medida del grosor del lateral del mueble': '16 mm', 'tirador': 'Tirador metálico', 'Patas': 'Sin patas', 'Tipo de montaje': 'Montado (ensamblado de fábrica)', 'fabricación': 'Estándar', 'garantía': '3 años'}",No disponible,http://cdn.todomueblesdebano.com/raw/upload/v1698146313/products/340c85cc-8abb-4fdc-8fdd-032476f39236/VIDA_MODULAR_FichaTecnica_1698146312.1172242.pdf,Royo Group,Colección Vida Compact,https://www.todomueblesdebano.com/mueble-bano-royo-vida-2-cajones.html
Conjunto mueble de baño Royo Vida,2 cajones suspendido con lavabo Enzo de cerámica con tirador disponible en varios colores,"417,98€","505,78€","Roble Eternity, Gris arenado, Nogal arenado, Lacado Blanco brillo, Lacado Blanco mate, Lacado Azul Navy mate","{'Marca': '', 'Serie': 'Vida', 'Tamaño de lavabo': 'Lavabo cerámico mide 1cm más que el mueble.', 'fondo': '46 cm', 'medida de alto': '78 cm', 'colocación': 'Suspendido', 'Nº de cajones': '2', 'Tipos de cajones': 'Guías Hettich extracción total con cierre amortiguado', 'Organizador de cajón': 'Incluido', 'Material del mueble': 'Tablero de partículas de madera', 'Medida del grosor del lateral del mueble': '16 mm', 'Medida del grosor del frente del mueble': '16 mm', 'tirador': 'Metálico', 'Tipo de montaje': 'Montado (ensamblado de fábrica)', 'Medidas del lavabo': '1,5 cm mayor que el mueble (si el mueble mide 80x45 cm, el lavabo medirá 81,5x46,5 cm)', 'Medidas de la poza': '12,5 cm de profundidad', 'Material del lavabo': 'Cerámica', 'posición del seno': 'Lavabo de un seno centrado', 'Grosor del lavabo': '2 cm', 'fabricación': 'Estándar', 'garantía': '3 años'}",http://cdn.todomueblesdebano.com/raw/upload/v1670577674/products/ba8ae9f0-dff7-4f1c-9fe7-5fb6ac346981/VIDA_MODULAR_EsquemaMontaje_1670577673.6703246.pdf,http://cdn.todomueblesdebano.com/raw/upload/v1670577650/products/ba8ae9f0-dff7-4f1c-9fe7-5fb6ac346981/VIDA_MODULAR_FichaTecnica_1670577649.5533519.pdf,Royo Group,Colección Vida Compact,https://www.todomueblesdebano.com/conjunto-mueble-de-bano-royo-vida.html
Mueble de baño con encimera de madera Royo Vida,"1 cajón, suspendido con tirador disponible en varios colores","298,52€","361,19€","Lacado Antracita brillo, Lacado Blanco brillo, Gris arenado, Nogal arenado, Roble Eternity, Verde Pure, Color de la encimera Blanco brillo, Color de la encimera Antracita brillo, Color de la encimera Gris arenado, Color de la encimera Nogal arenado, Color de la encimera Roble eternity, Color de la encimera Verde pure","{'Ref 126628': '', 'Marca': '', 'Serie': 'Vida', 'fondo': '45 cm', 'medida de alto': '28.4 cm', 'colocación': 'Suspendido', 'Nº de cajones': '1', 'Tipos de cajones': 'Guías Hettich extracción total con cierre amortiguado', 'Organizador de cajón': 'Incluido', 'Material del mueble': 'Tablero de partículas de madera', 'Medida del grosor del frente del mueble': '18 mm', 'Medida del grosor del lateral del mueble': '16 mm', 'tirador': 'Tirador metálico', 'Patas': 'Sin patas', 'Tipo de montaje': 'Montado (ensamblado de fábrica)', 'fabricación': 'Estándar', 'garantía': '3 años'}",No disponible,http://cdn.todomueblesdebano.com/raw/upload/v1698075651/products/cecd4ff8-1413-4748-9d74-22ac5bcc1af6/VIDA_MODULAR_FichaTecnica_1698075650.734565.pdf,Royo Group,Colección Vida Compact,https://www.todomueblesdebano.com/mueble-bano-encimera-royo-vida.html
Mueble de baño Royo Vida,"1 cajón, suspendido con tirador disponible en varios colores","221,52€","268,02€","Lacado Azul Navy mate, Lacado Blanco brillo, Lacado Antracita brillo, Gris arenado, Nogal arenado, Roble Eternity","{'Ref 127659': '', 'Marca': '', 'Serie': 'Vida', 'fondo': '45 cm', 'medida de alto': '28.4 cm', 'colocación': 'Suspendido', 'Nº de cajones': '1', 'Tipos de cajones': 'Guías Hettich extracción total con cierre amortiguado', 'Organizador de cajón': 'Incluido', 'Material del mueble': 'Tablero de partículas de madera', 'Medida del grosor del frente del mueble': '18 mm', 'Medida del grosor del lateral del mueble': '16 mm', 'tirador': 'Tirador metálico', 'Patas': 'Sin patas', 'Tipo de montaje': 'Montado (ensamblado de fábrica)', 'fabricación': 'A medida', 'garantía': '3 años'}",No disponible,http://cdn.todomueblesdebano.com/raw/upload/v1698079702/products/d5e2184b-a946-4d42-aeac-02b0e5010511/VIDA_MODULAR_FichaTecnica_1698079700.95376.pdf,Royo Group,Colección Vida Compact,https://www.todomueblesdebano.com/mueble-bano-royo-vida.html
Mueble de baño con encimera de madera Royo Vida,"2 cajones, suspendido con tirador disponible en varios colores","432,03€","522,72€","Gris arenado, Lacado Blanco brillo, Lacado Antracita brillo, Nogal arenado, Lacado Galet mate, Roble Eternity, Color de la encimera Blanco brillo, Color de la encimera Antracita brillo, Color de la encimera Gris arenado, Color de la encimera Nogal arenado, Color de la encimera Roble eternity, Color de la encimera Verde pure","{'Ref 126641': '', 'Marca': '', 'Serie': 'Vida', 'fondo': '45 cm', 'medida de alto': '56.5 cm', 'colocación': 'Suspendido', 'Nº de cajones': '2', 'Tipos de cajones': 'Guías Hettich extracción total con cierre amortiguado', 'Organizador de cajón': 'Incluido', 'Material del mueble': 'Tablero de partículas de madera', 'Medida del grosor del frente del mueble': '18 mm', 'Medida del grosor del lateral del mueble': '16 mm', 'tirador': 'Tirador metálico', 'Patas': 'Sin patas', 'Tipo de montaje': 'Montado (ensamblado de fábrica)', 'fabricación': 'Estándar', 'garantía': '3 años'}",No disponible,http://cdn.todomueblesdebano.com/raw/upload/v1698144539/products/51a822af-a446-490c-92dd-2a0b893d082b/VIDA_MODULAR_FichaTecnica_1698144538.2579138.pdf,Royo Group,Colección Vida Compact,https://www.todomueblesdebano.com/mueble-bano-encimera-2-cajones-royo-vida.html
Conjunto mueble de baño Royo Sansa,"2 cajones, suspendido con lavabo Enzo de cerámica","302,02€","365,42€","Gris arenado, Roble Colonial, Nogal arenado, Lacado Blanco brillo, Lacado Azul Navy brillo, Lacado Antracita brillo","{'Marca': '', 'Tamaño de lavabo': 'Lavabo cerámico mide 1cm más que el mueble.', 'Serie': 'Sansa', 'fondo': '46 cm', 'medida de alto': '56.5 cm', 'colocación': 'Suspendido', 'Nº de cajones': '2', 'Tipos de cajones': 'Guías Hettich extracción total con cierre amortiguado', 'Material del mueble': 'Tablero de partículas de madera', 'Medida del grosor del frente del mueble': '16 mm', 'Medida del grosor del lateral del mueble': '16 mm', 'Tipo de montaje': 'Montado (ensamblado de fábrica)', 'tirador': 'Uñero', 'Medidas del lavabo': '1,5 cm mayor que el mueble (si el mueble mide 80x45 cm, el lavabo medirá 81,5x46,5 cm)', 'Medidas de la poza': '12 cm de profundidad', 'Material del lavabo': 'Cerámica', 'posición del seno': 'Lavabo de un seno centrado', 'Grosor del lavabo': '2,1 cm', 'fabricación': 'Estándar', 'garantía': '3 años'}",http://cdn.todomueblesdebano.com/raw/upload/v1668695011/products/b5ba301f-4be1-48d6-962a-70cde2f606a5/SANSA_EsquemasMontaje_1668695010.667742.pdf,http://cdn.todomueblesdebano.com/raw/upload/v1668695027/products/b5ba301f-4be1-48d6-962a-70cde2f606a5/SANSA_FichaTecnica_1668695026.9467914.pdf,Royo Group,Colección Sansa,https://www.todomueblesdebano.com/conjunto-mueble-de-bano-royo-sansa-suspendido-2-cajones.html
Conjunto mueble de baño Royo Sansa,"120 cm, 4 puertas, suspendido con lavabo Enzo de cerámica","524,35€","647,35€","Gris arenado, Roble Colonial, Nogal arenado, Lacado Blanco brillo, Lacado Azul Navy brillo, Lacado Antracita brillo","{'Marca': '', 'Serie': 'Sansa', 'Tamaño de lavabo': 'Lavabo cerámico mide 1cm más que el mueble.', 'medida de ancho': '120 cm', 'fondo': '46 cm', 'medida de alto': '56.5 cm', 'colocación': 'Suspendido', 'Tipos de cajones': 'Guías Hettich extracción total con cierre amortiguado', 'Material del mueble': 'Tablero de partículas de madera', 'Medida del grosor del lateral del mueble': '16 mm', 'Medida del grosor del frente del mueble': '16 mm', 'tirador': 'Uñero', 'Patas': 'Metálicas', 'Tipo de montaje': 'Montado (ensamblado de fábrica)', 'Medidas del lavabo': '1,5 cm mayor que el mueble (si el mueble mide 80x45 cm, el lavabo medirá 81,5x46,5 cm)', 'Medidas de la poza': '12 cm de profundidad', 'Nº de puertas': '4', 'Material del lavabo': 'Cerámica', 'Grosor del lavabo': '2,1 cm', 'fabricación': 'Estándar', 'garantía': '3 años'}",http://cdn.todomueblesdebano.com/raw/upload/v1669034703/products/14df5655-10c5-4ec3-9df4-3a4e73038cf8/SANSA_EsquemasMontaje_1669034701.9639928.pdf,http://cdn.todomueblesdebano.com/raw/upload/v1669034717/products/14df5655-10c5-4ec3-9df4-3a4e73038cf8/SANSA_FichaTecnica_1669034716.6747975.pdf,Royo Group,Colección Sansa,https://www.todomueblesdebano.com/conjunto-mueble-de-bano-royo-sansa-1-suspendido-4-puertas-120-cm.html
Conjunto mueble de baño Royo Sansa,"120 cm, 6 cajones con patas y lavabo doble Enzo de cerámica","770,05€","931,70€","Gris arenado, Roble Colonial, Nogal arenado, Lacado Blanco brillo, Lacado Azul Navy brillo, Lacado Antracita brillo","{'Marca': '', 'Serie': 'Sansa', 'Tamaño de lavabo': 'Lavabo cerámico mide 1cm más que el mueble.', 'medida de ancho': '120 cm', 'fondo': '46 cm', 'medida de alto': '85 cm', 'colocación': 'Con patas', 'Nº de cajones': '6', 'Tipos de cajones': 'Guías Hettich extracción total con cierre amortiguado', 'Material del mueble': 'Tablero de partículas de madera', 'Medida del grosor del lateral del mueble': '16 mm', 'Medida del grosor del frente del mueble': '16 mm', 'tirador': 'Uñero', 'Tipo de montaje': 'Montado (ensamblado de fábrica)', 'Medidas del lavabo': '1,5 cm mayor que el mueble (si el mueble mide 80x45 cm, el lavabo medirá 81,5x46,5 cm)', 'Medidas de la poza': '12,5 cm de profundidad', 'Material del lavabo': 'Cerámica', 'posición del seno': 'Lavabo de doble seno', 'Grosor del lavabo': '2 cm', 'Peso neto': '38,4 kg', 'fabricación': 'Estándar', 'garantía': '3 años'}",http://cdn.todomueblesdebano.com/raw/upload/v1669048338/products/450ddaec-e9fe-46dc-8e4d-98e2d54cf3bb/SANSA_EsquemasMontaje_1669048338.0408742.pdf,http://cdn.todomueblesdebano.com/raw/upload/v1669048349/products/450ddaec-e9fe-46dc-8e4d-98e2d54cf3bb/SANSA_FichaTecnica_1669048348.9867322.pdf,Royo Group,Colección Sansa,https://www.todomueblesdebano.com/conjunto-mueble-de-bano-royo-sansa-6-cajones-120-cm.html
Conjunto mueble de baño Royo Sansa,3 cajones con patas y lavabo Enzo de cerámica,"365,02€","441,65€","Nogal arenado, Lacado Blanco brillo, Lacado Azul Navy brillo, Gris arenado, Roble Colonial, Lacado Antracita brillo","{'Marca': '', 'Tamaño de lavabo': 'Lavabo cerámico mide 1cm más que el mueble.', 'Serie': 'Sansa', 'fondo': '46 cm', 'medida de alto': '85 cm', 'colocación': 'Con patas', 'Nº de cajones': '3', 'Tipos de cajones': 'Guías Hettich extracción total con cierre amortiguado', 'Material del mueble': 'Tablero de partículas de madera', 'Medida del grosor del lateral del mueble': '16 mm', 'Medida del grosor del frente del mueble': '16 mm', 'tirador': 'Uñero', 'Patas': 'Metálicas', 'Tipo de montaje': 'Montado (ensamblado de fábrica)', 'Medidas del lavabo': '1,5 cm mayor que el mueble (si el mueble mide 80x45 cm, el lavabo medirá 81,5x46,5 cm)', 'Medidas de la poza': '12,5 cm de profundidad', 'Material del lavabo': 'Cerámica', 'posición del seno': 'Lavabo de un seno centrado', 'Grosor del lavabo': '2 cm', 'fabricación': 'Estándar', 'garantía': '3 años'}",http://cdn.todomueblesdebano.com/raw/upload/v1669040629/products/8ff6af9e-7ad1-4235-9f22-6fe4375fac72/SANSA_EsquemasMontaje_1669040628.641474.pdf,http://cdn.todomueblesdebano.com/raw/upload/v1669040644/products/8ff6af9e-7ad1-4235-9f22-6fe4375fac72/SANSA_FichaTecnica_1669040643.3691292.pdf,Royo Group,Colección Sansa,https://www.todomueblesdebano.com/conjunto-mueble-de-bano-royo-sansa-3-cajones.html
Conjunto mueble de baño Royo Sansa,"120 cm, 4 cajones, suspendido con doble lavabo Enzo de cerámica","667,04€","807,07€","Gris arenado, Roble Colonial, Nogal arenado, Lacado Blanco brillo, Lacado Azul Navy brillo, Lacado Antracita brillo","{'Marca': '', 'Serie': 'Sansa', 'Tamaño de lavabo': 'Lavabo cerámico mide 1cm más que el mueble.', 'medida de ancho': '120 cm', 'fondo': '46 cm', 'medida de alto': '56.5 cm', 'colocación': 'Suspendido', 'Nº de cajones': '4', 'Tipos de cajones': 'Guías Hettich extracción total con cierre amortiguado', 'Material del mueble': 'Tablero de partículas de madera', 'Medida del grosor del lateral del mueble': '16 mm', 'Medida del grosor del frente del mueble': '16 mm', 'tirador': 'Uñero', 'Patas': 'Metálicas', 'Tipo de montaje': 'Montado (ensamblado de fábrica)', 'Medidas del lavabo': '1,5 cm mayor que el mueble (si el mueble mide 80x45 cm, el lavabo medirá 81,5x46,5 cm)', 'Medidas de la poza': '12 cm de profundidad', 'Material del lavabo': 'Cerámica', 'posición del seno': 'Lavabo de doble seno', 'Grosor del lavabo': '2,1 cm', 'fabricación': 'Estándar', 'garantía': '3 años'}",http://cdn.todomueblesdebano.com/raw/upload/v1669031974/products/5ad228e8-e265-457e-8238-7be2bf291c26/SANSA_EsquemasMontaje_1669031972.876109.pdf,http://cdn.todomueblesdebano.com/raw/upload/v1669031987/products/5ad228e8-e265-457e-8238-7be2bf291c26/SANSA_FichaTecnica_1669031986.521992.pdf,Royo Group,Colección Sansa,https://www.todomueblesdebano.com/conjunto-mueble-de-bano-royo-sansa-4-cajones-suspendido-120-cm.html
Conjunto mueble de baño Royo Sansa,"120 cm, 2 puertas + 2 cajones suspendido con lavabo Enzo de cerámica","518,36€","719,94€","Lacado Blanco brillo, Lacado Antracita brillo, Gris arenado, Nogal arenado, Lacado Azul Navy brillo, Roble Colonial","{'Marca': '', 'Serie': 'Sansa', 'Tamaño de lavabo': 'Lavabo cerámico mide 1cm más que el mueble.', 'medida de ancho': '120 cm', 'fondo': '46 cm', 'medida de alto': '56,5 cm', 'colocación': 'Suspendido', 'Nº de puertas': '2', 'Nº de cajones': '2', 'Tipos de cajones': 'Guías Hettich extracción total con cierre amortiguado', 'Material del mueble': 'Tablero de partículas de madera', 'Medida del grosor del lateral del mueble': '16 mm', 'Medida del grosor del frente del mueble': '16 mm', 'tirador': 'Uñero', 'Tipo de montaje': 'Montado (ensamblado de fábrica)', 'Medidas del lavabo': '1,5 cm mayor que el mueble (si el mueble mide 80x45 cm, el lavabo medirá 81,5x46,5 cm)', 'Medidas de la poza': '12 cm de profundidad', 'Material del lavabo': 'Cerámica', 'posición del seno': 'Lavabo de doble seno', 'Grosor del lavabo': '2,1 cm', 'Peso neto': '38,4 kg', 'fabricación': 'Estándar', 'garantía': '3 años'}",http://cdn.todomueblesdebano.com/raw/upload/v1669030109/products/81b7bdb1-d2ea-4425-81f4-c343679795ee/SANSA_EsquemasMontaje_1669030108.8065133.pdf,http://cdn.todomueblesdebano.com/raw/upload/v1669030121/products/81b7bdb1-d2ea-4425-81f4-c343679795ee/SANSA_FichaTecnica_1669030120.5633311.pdf,Royo Group,Colección Sansa,https://www.todomueblesdebano.com/conjunto-mueble-de-bano-royo-sansa-2-cajones-2-puertas-120-cm.html
Conjunto mueble de baño Royo Sansa,"2 puertas, suspendido con lavabo Enzo de cerámica","225,01€","272,24€","Gris arenado, Roble Colonial, Nogal arenado, Lacado Blanco brillo, Lacado Azul Navy brillo, Lacado Antracita brillo","{'Marca': '', 'Serie': 'Sansa', 'Tamaño de lavabo': 'Lavabo cerámico mide 1cm más que el mueble.', 'fondo': '46 cm', 'medida de alto': '56.5 cm', 'colocación': 'Suspendido', 'Nº de puertas': '2', 'Material del mueble': 'Tablero de partículas de madera', 'Medida del grosor del lateral del mueble': '16 mm', 'Medida del grosor del frente del mueble': '16 mm', 'tirador': 'Uñero', 'Tipo de montaje': 'Montado (ensamblado de fábrica)', 'Medidas del lavabo': '1,5 cm mayor que el mueble (si el mueble mide 80x45 cm, el lavabo medirá 81,5x46,5 cm)', 'Medidas de la poza': '12 cm de profundidad', 'Material del lavabo': 'Cerámica', 'posición del seno': 'Lavabo de un seno centrado', 'Grosor del lavabo': '2,1 cm', 'fabricación': 'Estándar', 'garantía': '3 años'}",http://cdn.todomueblesdebano.com/raw/upload/v1668698426/products/a33af5c6-16ae-4b7f-abe6-0280b463b9d9/SANSA_EsquemasMontaje_1668698425.438214.pdf,http://cdn.todomueblesdebano.com/raw/upload/v1668698464/products/a33af5c6-16ae-4b7f-abe6-0280b463b9d9/SANSA_FichaTecnica_1668698463.938255.pdf,Royo Group,Colección Sansa,https://www.todomueblesdebano.com/conjunto-mueble-de-bano-royo-sansa-suspendido-2-puertas.html
Conjunto mueble de baño Royo Sansa,"90 cm, 2 cajones y 1 puerta, suspendido con lavabo desplazado a izquierda Enzo de cerámica","461,03€","557,81€","Gris arenado, Roble Colonial, Nogal arenado, Lacado Blanco brillo, Lacado Azul Navy brillo, Lacado Antracita brillo","{'Marca': '', 'Tamaño de lavabo': 'Lavabo cerámico mide 1cm más que el mueble.', 'Serie': 'Sansa', 'medida de ancho': '90 cm', 'fondo': '46 cm', 'medida de alto': '56.5 cm', 'colocación': 'Suspendido', 'Nº de puertas': '1', 'Nº de cajones': '2', 'Tipos de cajones': 'Guías Hettich extracción total con cierre amortiguado', 'Material del mueble': 'Tablero de partículas de madera', 'Medida del grosor del frente del mueble': '16 mm', 'Medida del grosor del lateral del mueble': '16 mm', 'Tipo de montaje': 'Montado (ensamblado de fábrica)', 'tirador': 'Uñero', 'Medidas del lavabo': '1,5 cm mayor que el mueble (si el mueble mide 80x45 cm, el lavabo medirá 81,5x46,5 cm)', 'Medidas de la poza': '12 cm de profundidad', 'Material del lavabo': 'Cerámica', 'posición del seno': 'Lavabo de un seno desplazado a izquierdas', 'Grosor del lavabo': '2,1 cm', 'fabricación': 'Estándar', 'garantía': '3 años'}",http://cdn.todomueblesdebano.com/raw/upload/v1668701239/products/fcc2b062-4044-4708-8dc7-341397da1f72/SANSA_EsquemasMontaje_1668701238.2988572.pdf,http://cdn.todomueblesdebano.com/raw/upload/v1668701249/products/fcc2b062-4044-4708-8dc7-341397da1f72/SANSA_FichaTecnica_1668701248.6280763.pdf,Royo Group,Colección Sansa,https://www.todomueblesdebano.com/conjunto-mueble-de-bano-royo-sansa-suspendido-2-cajones-1-puerta.html
Conjunto completo mueble de baño fondo reducido 35 cm Royo Street,"50 cm, 2 cajones suspendidos con lavabo de cerámica y espejo Murano de 50x70 cm","343,02€","415,03€","Roble Vulcano, Gris arenado, Nogal arenado, Lacado Blanco brillo, Lacado Antracita brillo, Lacado Azul Navy brillo","{'Ref C0076758': '', 'Marca': '', 'Serie': 'Street', 'Tamaño de lavabo': 'Lavabo cerámico mide 1cm más que el mueble.', 'medida de ancho': '50 cm', 'fondo': '35 cm', 'medida de alto': '50 cm', 'colocación': 'Suspendido', 'Nº de cajones': '2', 'Tipos de cajones': 'Extracción total con cierre amortiguado', 'Material del mueble': 'Tablero de partículas de madera', 'Medida del grosor del frente del mueble': '16 mm', 'Medida del grosor del lateral del mueble': '16 mm', 'tirador': 'Tirador metálico', 'Tipo de montaje': 'Montado (ensamblado de fábrica)', 'Medidas del lavabo': '1,5 cm mayor que el mueble (si el mueble mide 80x45 cm, el lavabo medirá 81,5x46,5 cm)', 'Material del lavabo': 'Cerámica', 'posición del seno': 'Lavabo de un seno centrado', 'Tipo de espejo': 'Luna lisa', 'Peso neto': '26,5 kg', 'fabricación': 'A medida', 'garantía': '3 años'}",http://cdn.todomueblesdebano.com/raw/upload/v1670860687/products/7370da95-a62e-401a-bfb4-cab2309d9d5d/STREET_EsquemaMontaje_1670860686.6032221.pdf,http://cdn.todomueblesdebano.com/raw/upload/v1670860698/products/7370da95-a62e-401a-bfb4-cab2309d9d5d/STREET_FichaTecnica_1670860698.5562646.pdf,Royo Group,Colección Street,https://www.todomueblesdebano.com/conjunto-mueble-de-bano-royo-street-fondo-reducido-2-cajones.html
Conjunto completo mueble de baño fondo reducido 35 cm Royo Street,"50 cm, 2 puertas, suspendido con lavabo de cerámica y espejo Murano de 50x70 cm","263,02€","318,23€","Gris arenado, Nogal arenado, Roble Vulcano, Lacado Blanco brillo, Lacado Antracita brillo, Lacado Azul Navy brillo","{'Ref C0070884': '', 'Marca': '', 'Tamaño de lavabo': 'Lavabo cerámico mide 1cm más que el mueble.', 'Serie': 'Street', 'medida de ancho': '50 cm', 'fondo': '35 cm', 'medida de alto': '50 cm', 'colocación': 'Suspendido', 'Nº de puertas': '2', 'Material del mueble': 'Tablero de partículas de madera', 'Medida del grosor del frente del mueble': '16 mm', 'Medida del grosor del lateral del mueble': '16 mm', 'tirador': 'Metálico', 'Tipo de montaje': 'Montado (ensamblado de fábrica)', 'Medidas del lavabo': '1,5 cm mayor que el mueble (si el mueble mide 80x45 cm, el lavabo medirá 81,5x46,5 cm)', 'Material del lavabo': 'Cerámica', 'posición del seno': 'Lavabo de un seno centrado', 'Tipo de espejo': 'Luna lisa', 'Peso neto': '22,50 kg', 'fabricación': 'A medida', 'garantía': '3 años'}",http://cdn.todomueblesdebano.com/raw/upload/v1670864260/products/b67a9a22-de23-4342-8901-ad08c796a223/STREET_EsquemaMontaje_1670864260.3131723.pdf,http://cdn.todomueblesdebano.com/raw/upload/v1670864274/products/b67a9a22-de23-4342-8901-ad08c796a223/STREET_FichaTecnica_1670864273.8308952.pdf,Royo Group,Colección Street,https://www.todomueblesdebano.com/conjunto-mueble-de-bano-royo-street-fondo-reducido-2-puertas.html
Conjunto mueble de baño Royo Dai,2 cajones suspendidos con lavabo Beauty de cerámica,"436,93€","556,60€","Roble nórdico, Fresno samara, Lacado Arena mate, Lacado Blanco brillo","{'Marca': '', 'Tamaño de lavabo': 'Lavabo cerámico mide 1cm más que el mueble.', 'Serie': 'Dai', 'fondo': '46 cm', 'medida de alto': '56,5 cm', 'colocación': 'Suspendido', 'Nº de cajones': '2', 'Tipos de cajones': 'Extracción parcial con cierre amortiguado', 'Organizador de cajón': 'Incluido', 'Material del mueble': 'MDF', 'Medida del grosor del lateral del mueble': '16 mm', 'Medida del grosor del frente del mueble': '16 mm', 'tirador': 'Tirador metálico', 'Patas': 'Metálicas', 'Tipo de montaje': 'Montado (ensamblado de fábrica)', 'Medidas del lavabo': '1,5 cm mayor que el mueble (si el mueble mide 80x45 cm, el lavabo medirá 81,5x46,5 cm)', 'Medidas de la poza': '12 cm de profundidad', 'Material del lavabo': 'Cerámica', 'posición del seno': 'Lavabo de un seno centrado', 'Grosor del lavabo': '1,8 cm', 'fabricación': 'Estándar', 'garantía': '3 años'}",http://cdn.todomueblesdebano.com/raw/upload/v1669122652/products/fa7d0f7f-0e7c-43ac-bd88-1be172d37e67/DAI_EsquemaMontaje_1669122652.044002.pdf,http://cdn.todomueblesdebano.com/raw/upload/v1669122663/products/fa7d0f7f-0e7c-43ac-bd88-1be172d37e67/DAI_FichaTecnica_1669122662.8727078.pdf,Royo Group,Colección Dai,https://www.todomueblesdebano.com/conjunto-mueble-de-bano-royo-dai.html
Mueble de baño con encimera arena de resina Royo Dai Top,"2 cajones, suspendido","390,03€","471,91€","Roble nórdico, Lacado Arena mate, Fresno samara","{'Marca': '', 'Serie': 'Dai', 'fondo': '45,5 cm', 'medida de alto': '56,5 cm', 'colocación': 'Suspendido', 'Nº de cajones': '2', 'Tipos de cajones': 'Guías Hettich extracción total con cierre amortiguado', 'Organizador de cajón': 'Incluido', 'Material del mueble': 'MDF', 'Medida del grosor del frente del mueble': '16 mm', 'Medida del grosor del lateral del mueble': '16 mm', 'tirador': 'Tirador metálico', 'Tipo de montaje': 'Montado (ensamblado de fábrica)', 'fabricación': 'Estándar', 'garantía': '3 años'}",http://cdn.todomueblesdebano.com/raw/upload/v1670406826/products/596e03bc-7aef-49ce-bbcc-31b7a91c4863/DAI_EsquemaMontaje_1_1670406825.290743.pdf,http://cdn.todomueblesdebano.com/raw/upload/v1670406803/products/596e03bc-7aef-49ce-bbcc-31b7a91c4863/DAI_FichaTecnica_1_1670406802.2984743.pdf,Royo Group,Colección Dai,https://www.todomueblesdebano.com/mueble-de-bano-dai-top-arena-royo.html
Mueble de baño con encimera blanca de resina Royo Dai Top,"blanco brillo, 2 cajones, suspendido","390,03€","471,91€",No disponible,"{'Marca': '', 'Serie': 'Dai', 'fondo': '45,5 cm', 'medida de alto': '56,5 cm', 'colocación': 'Suspendido', 'Nº de cajones': '2', 'Tipos de cajones': 'Extracción parcial con cierre amortiguado', 'Organizador de cajón': 'Incluido', 'Material del mueble': 'MDF', 'Medida del grosor del lateral del mueble': '16 mm', 'Medida del grosor del frente del mueble': '16 mm', 'tirador': 'Tirador metálico', 'Patas': 'Metálicas', 'Tipo de montaje': 'Montado (ensamblado de fábrica)', 'color': 'Lacado Blanco brillo', 'fabricación': 'Estándar', 'garantía': '3 años'}",http://cdn.todomueblesdebano.com/raw/upload/v1669193239/products/6011a509-e160-4664-b97a-20f75a1e48e8/DAI_EsquemaMontaje_1_1669193238.5043304.pdf,http://cdn.todomueblesdebano.com/raw/upload/v1669193228/products/6011a509-e160-4664-b97a-20f75a1e48e8/DAI_FichaTecnica_1_1669193227.3397522.pdf,Royo Group,Colección Dai,https://www.todomueblesdebano.com/mueble-de-bano-royo-dai-top-blanco.html
